{"stats":{"minecraft:custom":{"lootr:looted_stat":10,"minecraft:mob_kills":38,"minecraft:animals_bred":2,"minecraft:interact_with_crafting_table":48,"minecraft:leave_game":2,"minecraft:time_since_death":300301,"minecraft:sprint_one_cm":157901,"minecraft:walk_one_cm":2955876,"minecraft:drop":37,"minecraft:talked_to_villager":5,"minecraft:raid_win":1,"minecraft:play_time":318480,"minecraft:deaths":5,"minecraft:sneak_time":28741,"minecraft:jump":1970,"minecraft:walk_on_water_one_cm":3042,"minecraft:total_world_time":318480,"minecraft:interact_with_furnace":10,"minecraft:traded_with_villager":22,"minecraft:pot_flower":2,"minecraft:sleep_in_bed":20,"minecraft:time_since_rest":37706,"minecraft:damage_taken":2305,"minecraft:damage_dealt":6335,"minecraft:fly_one_cm":147328,"minecraft:open_chest":54,"minecraft:crouch_one_cm":238982,"minecraft:fall_one_cm":20321,"minecraft:horse_one_cm":12863},"minecraft:dropped":{"minecraft:wheat_seeds":18,"minecraft:feather":5,"gravestone:obituary":5,"minecraft:wooden_sword":1,"minecraft:bucket":1,"minecraft:bone":1,"epicfight:uchigatana":1,"minecraft:potato":17,"minecraft:andesite":1,"minecraft:oak_sapling":34,"minecraft:arrow":1},"minecraft:crafted":{"minecraft:wooden_sword":1,"minecraft:oak_planks":604,"minecraft:cobblestone_slab":198,"minecraft:stone_shovel":9,"vanillaplustools:stone_hammer":3,"minecraft:furnace":5,"minecraft:iron_boots":2,"minecraft:stone_pickaxe":38,"minecraft:chest":9,"minecraft:stone_hoe":1,"minecraft:magenta_dye":1,"minecraft:oak_fence":78,"minecraft:cooked_beef":13,"minecraft:red_dye":3,"minecraft:oak_slab":18,"minecraft:emerald":12,"minecraft:crafting_table":6,"minecraft:wooden_pickaxe":1,"minecraft:iron_helmet":1,"minecraft:iron_sword":1,"minecraft:polished_granite":40,"minecraft:bucket":2,"minecraft:stone_axe":3,"minecraft:bread":4,"minecraft:air":0,"minecraft:blue_dye":3,"minecraft:iron_chestplate":1,"minecraft:stick":120,"minecraft:gunpowder":8,"minecraft:iron_ingot":33,"minecraft:iron_pickaxe":1,"minecraft:stone_sword":1,"minecraft:snow_block":7,"minecraft:iron_shovel":1,"minecraft:white_bed":2,"minecraft:composter":2,"minecraft:torch":92},"minecraft:picked_up":{"minecraft:allium":26,"minecraft:wheat":31,"minecraft:crafting_table":2,"minecraft:azure_bluet":1,"minecraft:flower_pot":2,"minecraft:chicken":2,"minecraft:raw_copper":26,"minecraft:wooden_sword":1,"minecraft:smooth_stone_slab":2,"minecraft:item_frame":2,"minecraft:bucket":1,"minecraft:beef":13,"minecraft:cobblestone_slab":15,"minecraft:tipped_arrow":1,"minecraft:stick":73,"minecraft:raw_iron":33,"minecraft:composter":1,"minecraft:oak_fence":2,"minecraft:torch":9,"epicfight:skillbook":1,"minecraft:porkchop":6,"minecraft:stone_button":2,"minecraft:cookie":1,"minecraft:carrot":114,"minecraft:arrow":2,"minecraft:rotten_flesh":8,"minecraft:pumpkin_pie":2,"farmersdelight:onion":90,"minecraft:saddle":1,"minecraft:mutton":14,"minecraft:snowball":28,"minecraft:white_wool":9,"minecraft:cobblestone":2817,"minecraft:feather":8,"minecraft:andesite":2,"minecraft:leather":5,"minecraft:potato":516,"minecraft:flint":2,"minecraft:oak_log":280,"jeg:scrap":19,"minecraft:dirt":1214,"minecraft:lantern":2,"minecraft:white_banner":2,"minecraft:bone":4,"minecraft:apple":16,"minecraft:wheat_seeds":124,"minecraft:bamboo":2,"jeg:tech_trash":2,"minecraft:oak_planks":16,"minecraft:diorite_wall":2,"minecraft:pumpkin":9,"minecraft:dandelion":1,"minecraft:gravel":16,"minecraft:stripped_spruce_log":2,"epicfight:uchigatana":1,"minecraft:white_bed":2,"minecraft:grass_block":1,"minecraft:polished_diorite":4,"minecraft:granite":144,"minecraft:bone_meal":2,"minecraft:gray_wool":1,"minecraft:bread":1,"minecraft:emerald":2,"minecraft:oak_sapling":180,"minecraft:coal":114},"minecraft:mined":{"farmersdelight:onions":22,"minecraft:white_bed":2,"farmersdelight:wild_carrots":9,"gravestone:gravestone":5,"minecraft:granite":142,"minecraft:stone_button":2,"minecraft:allium":1,"minecraft:grass_block":571,"minecraft:polished_diorite":4,"minecraft:potted_bamboo":2,"minecraft:composter":1,"farmersdelight:wild_onions":14,"minecraft:carrots":27,"minecraft:iron_ore":33,"minecraft:andesite":1,"minecraft:stripped_spruce_log":2,"minecraft:pumpkin":9,"minecraft:potatoes":144,"minecraft:cobblestone_slab":13,"minecraft:dirt_path":30,"minecraft:lantern":2,"minecraft:stone":2904,"jeg:scrap_ore":10,"minecraft:snow_block":7,"minecraft:dandelion":1,"minecraft:oak_fence":2,"minecraft:crafting_table":2,"minecraft:torch":4,"minecraft:tall_grass":15,"minecraft:copper_ore":8,"minecraft:cobblestone":4,"minecraft:oak_planks":14,"minecraft:wall_torch":3,"minecraft:wheat":37,"minecraft:smooth_stone_slab":1,"minecraft:grass":78,"minecraft:coal_ore":115,"minecraft:oak_log":280,"minecraft:diorite_wall":2,"minecraft:gravel":17,"minecraft:dirt":641,"minecraft:oak_leaves":10},"minecraft:killed":{"doppelgangermod:doppelganger_4":2,"minecraft:vindicator":1,"minecraft:skeleton":1,"minecraft:chicken":2,"minecraft:pig":2,"minecraft:ravager":1,"minecraft:sheep":10,"minecraft:pillager":7,"minecraft:zombie":6,"minecraft:stray":1,"minecraft:cow":5},"minecraft:used":{"minecraft:oak_fence":79,"minecraft:stone_sword":79,"minecraft:iron_shovel":259,"minecraft:stone_shovel":974,"minecraft:chest":9,"vanillaplustools:stone_hammer":266,"minecraft:stone_hoe":83,"minecraft:torch":62,"minecraft:dirt":277,"minecraft:carrot":74,"minecraft:granite":28,"minecraft:azure_bluet":1,"minecraft:stripped_spruce_log":2,"minecraft:polished_diorite":4,"minecraft:lantern":2,"minecraft:diorite_wall":2,"minecraft:item_frame":2,"minecraft:furnace":5,"minecraft:oak_sapling":129,"minecraft:cooked_beef":4,"minecraft:potato":239,"minecraft:wheat_seeds":36,"epicfight:skillbook":1,"minecraft:water_bucket":13,"minecraft:snow_block":7,"minecraft:stone_pickaxe":1437,"minecraft:oak_planks":207,"minecraft:wooden_pickaxe":59,"minecraft:composter":3,"minecraft:cobblestone_slab":143,"minecraft:cookie":1,"farmersdelight:onion":8,"minecraft:crafting_table":8,"minecraft:white_bed":3,"minecraft:oak_log":1,"minecraft:flower_pot":2,"minecraft:apple":9,"minecraft:bread":13,"minecraft:stone_button":2,"minecraft:polished_granite":12,"minecraft:gravel":2,"minecraft:stone_axe":341,"minecraft:wooden_sword":56,"minecraft:cobblestone":93,"minecraft:bucket":14,"minecraft:andesite":1,"minecraft:bone_meal":2},"minecraft:broken":{"minecraft:iron_shovel":1,"minecraft:wooden_pickaxe":1,"minecraft:stone_pickaxe":10,"vanillaplustools:stone_hammer":2,"minecraft:stone_axe":2,"minecraft:stone_shovel":7}},"DataVersion":3465}