{"stats":{"minecraft:mined":{"create:deepslate_zinc_ore":1,"minecraft:potted_pink_tulip":1,"minecraft:stone_pressure_plate":1,"minecraft:spruce_planks":3,"minecraft:white_bed":4,"farmersdelight:rich_soil":7,"minecraft:farmland":1,"minecraft:cobblestone_stairs":4,"minecraft:spruce_trapdoor":18,"minecraft:potted_dead_bush":1,"minecraft:granite":10,"minecraft:grass_block":167,"minecraft:stone_brick_wall":46,"minecraft:oak_pressure_plate":2,"minecraft:coal_block":40,"minecraft:iron_ore":82,"minecraft:deepslate_lapis_ore":7,"minecraft:sculk_shrieker":2,"minecraft:cave_vines":1,"minecraft:dirt_path":86,"minecraft:iron_bars":8,"minecraft:oak_stairs":10,"minecraft:purple_carpet":2,"minecraft:iron_block":1,"create:limestone":1,"minecraft:tripwire":2,"minecraft:piston_head":2,"minecraft:smoker":2,"minecraft:torch":26,"minecraft:poppy":1,"minecraft:melon":1,"minecraft:chest":1,"minecraft:cobblestone":2,"minecraft:sugar_cane":7,"minecraft:oak_planks":73,"minecraft:wall_torch":14,"minecraft:seagrass":1,"minecraft:wheat":71,"minecraft:grass":118,"minecraft:oak_log":23,"minecraft:beetroots":1,"minecraft:oak_fence_gate":1,"minecraft:sand":125,"minecraft:dirt":310,"minecraft:oak_leaves":4,"minecraft:deepslate":47,"create:zinc_ore":27,"minecraft:mossy_cobblestone":3,"minecraft:deepslate_diamond_ore":1,"minecraft:oak_door":2,"farmersdelight:wild_carrots":3,"gravestone:gravestone":6,"minecraft:ladder":6,"minecraft:allium":6,"minecraft:spruce_fence":1,"minecraft:redstone_wire":8,"minecraft:spruce_leaves":2,"minecraft:red_mushroom":1,"minecraft:hay_block":60,"minecraft:oak_trapdoor":10,"minecraft:furnace":6,"minecraft:spruce_sapling":7,"minecraft:carrots":33,"minecraft:andesite":3,"minecraft:peony":1,"minecraft:bookshelf":2,"minecraft:potatoes":2,"minecraft:deepslate_iron_ore":15,"minecraft:bamboo":1,"minecraft:stone":107,"doppelgangermod:fake_diamond_ore":2,"minecraft:smithing_table":1,"minecraft:podzol":2,"minecraft:oak_slab":33,"minecraft:redstone_block":2,"jeg:scrap_ore":2,"minecraft:glass_pane":1,"minecraft:brown_carpet":15,"minecraft:dandelion":1,"minecraft:oak_fence":22,"minecraft:crafting_table":10,"minecraft:rose_bush":1,"minecraft:campfire":4,"minecraft:tall_grass":28,"minecraft:lapis_ore":13,"minecraft:deepslate_gold_ore":18,"minecraft:sculk":4,"minecraft:diorite":1,"minecraft:blue_bed":9,"minecraft:spruce_stairs":2,"minecraft:coarse_dirt":15,"minecraft:spruce_log":660,"minecraft:potted_azure_bluet":1,"minecraft:coal_ore":21,"minecraft:gravel":4,"minecraft:cobweb":54,"minecraft:spruce_fence_gate":1,"minecraft:stone_bricks":13},"minecraft:custom":{"lootr:looted_stat":40,"minecraft:animals_bred":15,"minecraft:interact_with_crafting_table":68,"minecraft:open_barrel":1,"minecraft:bell_ring":5,"minecraft:leave_game":3,"minecraft:time_since_death":104167,"minecraft:sprint_one_cm":2636867,"minecraft:drop":41,"minecraft:talked_to_villager":30,"minecraft:play_time":450718,"minecraft:deaths":6,"minecraft:jump":7852,"minecraft:walk_on_water_one_cm":45279,"minecraft:interact_with_furnace":62,"minecraft:sleep_in_bed":54,"minecraft:waystone_activated":4,"minecraft:damage_dealt":15345,"minecraft:crouch_one_cm":26425,"minecraft:interact_with_smoker":13,"minecraft:horse_one_cm":288213,"minecraft:interact_with_smithing_table":8,"minecraft:interact_with_anvil":1,"minecraft:mob_kills":93,"minecraft:climb_one_cm":43858,"minecraft:walk_one_cm":2608883,"minecraft:damage_dealt_absorbed":336,"minecraft:sneak_time":7435,"minecraft:walk_under_water_one_cm":37629,"minecraft:boat_one_cm":299798,"minecraft:interact_with_blast_furnace":3,"minecraft:total_world_time":450718,"minecraft:pot_flower":1,"minecraft:time_since_rest":5547,"minecraft:damage_taken":5230,"minecraft:swim_one_cm":27145,"minecraft:fly_one_cm":2734019,"minecraft:open_chest":347,"minecraft:fall_one_cm":189504},"minecraft:picked_up":{"minecraft:wooden_axe":2,"minecraft:wheat":72,"minecraft:redstone_block":2,"minecraft:chainmail_boots":2,"minecraft:flower_pot":3,"minecraft:smithing_table":1,"minecraft:oak_stairs":11,"minecraft:string":59,"create:limestone":1,"minecraft:armor_stand":8,"minecraft:sticky_piston":2,"minecraft:experience_bottle":2,"minecraft:beetroot":1,"minecraft:smooth_stone":3,"minecraft:cobbled_deepslate":40,"minecraft:spruce_planks":3,"minecraft:melon_slice":7,"minecraft:coal_block":40,"minecraft:furnace":6,"minecraft:golden_helmet":4,"minecraft:stick":55,"minecraft:oak_fence":23,"minecraft:torch":46,"minecraft:spruce_stairs":2,"epicfight:skillbook":4,"minecraft:porkchop":9,"minecraft:diorite":1,"minecraft:brown_carpet":23,"minecraft:rotten_flesh":33,"doppelgangermod:fake_diamond_ore":4,"minecraft:iron_block":1,"minecraft:iron_bars":8,"minecraft:cobblestone":107,"minecraft:feather":2,"minecraft:water_bucket":1,"minecraft:andesite":2,"minecraft:golden_leggings":4,"minecraft:smoker":3,"minecraft:potato":8,"create:raw_zinc":28,"jeg:scrap":4,"minecraft:lapis_lazuli":122,"minecraft:dirt":605,"minecraft:lantern":6,"minecraft:purple_carpet":1,"minecraft:bone":10,"minecraft:wheat_seeds":226,"minecraft:raw_gold":18,"minecraft:bamboo":12,"minecraft:oak_planks":144,"minecraft:oak_pressure_plate":2,"minecraft:sand":125,"minecraft:grass_block":1,"minecraft:dead_bush":1,"minecraft:mossy_cobblestone":3,"minecraft:spruce_fence_gate":1,"minecraft:diamond":3,"minecraft:spruce_boat":8,"waystones:waystone":2,"minecraft:granite":9,"minecraft:bone_meal":39,"minecraft:bread":6,"minecraft:spruce_sign":2,"minecraft:chainmail_helmet":2,"minecraft:emerald":6,"minecraft:charcoal":16,"minecraft:crafting_table":10,"minecraft:coarse_dirt":15,"minecraft:allium":10,"minecraft:azure_bluet":1,"minecraft:chicken":1,"minecraft:ladder":6,"minecraft:stone_brick_wall":44,"gravestone:obituary":2,"minecraft:oak_trapdoor":12,"minecraft:white_carpet":2,"minecraft:item_frame":6,"minecraft:beef":11,"minecraft:poppy":1,"minecraft:sugar_cane":15,"minecraft:chest":1,"minecraft:spruce_trapdoor":19,"minecraft:egg":1,"minecraft:raw_iron":121,"minecraft:oak_door":2,"minecraft:spruce_fence":1,"minecraft:carrot":129,"minecraft:redstone":6,"minecraft:stone_pressure_plate":4,"minecraft:arrow":8,"minecraft:beetroot_seeds":4,"minecraft:hay_block":60,"minecraft:pink_tulip":1,"minecraft:gold_ingot":5,"minecraft:glow_berries":12,"minecraft:skeleton_skull":2,"minecraft:oxeye_daisy":1,"farmersdelight:rich_soil":7,"minecraft:glow_ink_sac":28,"minecraft:leather":13,"minecraft:red_mushroom":6,"minecraft:oak_log":25,"minecraft:chainmail_chestplate":2,"minecraft:gunpowder":5,"minecraft:cobblestone_stairs":2,"minecraft:blue_bed":9,"minecraft:cooked_mutton":5,"minecraft:stone_bricks":13,"minecraft:oak_fence_gate":1,"minecraft:iron_ingot":9,"travelersbackpack:blank_upgrade":1,"minecraft:iron_sword":2,"minecraft:book":6,"minecraft:oak_slab":41,"minecraft:quartz":1,"minecraft:dandelion":1,"minecraft:gravel":4,"minecraft:spruce_sapling":85,"minecraft:white_bed":4,"minecraft:spruce_log":667,"minecraft:spider_eye":1,"minecraft:firework_rocket":1,"minecraft:chainmail_leggings":2,"minecraft:coal":107,"minecraft:ender_pearl":3},"minecraft:dropped":{"minecraft:lantern":1,"gravestone:obituary":1,"minecraft:bone_meal":40,"minecraft:bone":2,"minecraft:beetroot":1,"minecraft:rotten_flesh":19,"minecraft:golden_shovel":1,"minecraft:wheat_seeds":1,"minecraft:granite":4,"minecraft:wooden_axe":2,"travelersbackpack:blank_upgrade":1,"minecraft:golden_hoe":1,"create:raw_zinc":1,"minecraft:spruce_sapling":4,"doppelgangermod:fake_diamond_ore":2,"minecraft:oak_trapdoor":2,"farmersdelight:cabbage_seeds":4,"minecraft:spruce_trapdoor":2,"minecraft:andesite":1,"minecraft:spider_eye":1,"minecraft:spruce_log":13},"minecraft:broken":{"minecraft:iron_shovel":3,"minecraft:golden_sword":1,"minecraft:iron_axe":3,"minecraft:iron_pickaxe":1},"minecraft:crafted":{"minecraft:smooth_stone":3,"minecraft:oak_planks":64,"globalxp:xp_block":1,"minecraft:oak_pressure_plate":2,"minecraft:stone":6,"minecraft:glass":64,"minecraft:iron_boots":1,"minecraft:chest":146,"minecraft:oak_button":47,"minecraft:oak_slab":96,"travelersbackpack:iron_tier_upgrade":1,"minecraft:crafting_table":3,"minecraft:spruce_planks":1504,"travelersbackpack:standard":1,"minecraft:baked_potato":64,"minecraft:iron_helmet":1,"minecraft:iron_chestplate":1,"minecraft:diamond_pickaxe":1,"minecraft:stick":28,"minecraft:iron_ingot":130,"minecraft:iron_pickaxe":3,"minecraft:iron_block":3,"minecraft:snow_block":10,"minecraft:gold_ingot":18,"minecraft:oak_door":3,"minecraft:coal":360,"storagedrawers:spruce_full_drawers_4":128,"minecraft:blast_furnace":2,"minecraft:bone_meal":39,"travelersbackpack:gold_tier_upgrade":1,"travelersbackpack:blank_upgrade":4,"minecraft:glass_pane":16,"minecraft:spruce_stairs":12,"travelersbackpack:white_sleeping_bag":1,"minecraft:iron_axe":4,"minecraft:spruce_boat":1,"minecraft:wheat":171,"travelersbackpack:backpack_tank":4,"minecraft:bucket":2,"minecraft:bread":66,"minecraft:air":0,"minecraft:oak_boat":1,"minecraft:white_wool":14,"minecraft:wooden_axe":1,"minecraft:oak_stairs":4,"minecraft:iron_shovel":4,"minecraft:iron_leggings":1,"minecraft:anvil":1,"minecraft:torch":36},"minecraft:used":{"minecraft:iron_shovel":913,"minecraft:ladder":5,"minecraft:chest":13,"minecraft:iron_sword":38,"minecraft:carrot":4,"minecraft:spruce_boat":8,"minecraft:lantern":1,"minecraft:stone_bricks":8,"minecraft:item_frame":1,"minecraft:golden_sword":16,"minecraft:brown_carpet":7,"minecraft:furnace":5,"minecraft:beetroot_seeds":4,"minecraft:egg":1,"minecraft:potato":8,"epicfight:skillbook":16,"minecraft:oak_planks":2,"minecraft:chainmail_helmet":1,"minecraft:blue_bed":9,"minecraft:glow_berries":9,"minecraft:blast_furnace":2,"minecraft:sticky_piston":2,"waystones:waystone":1,"minecraft:bread":145,"minecraft:string":1,"minecraft:oak_pressure_plate":4,"globalxp:xp_block":1,"minecraft:smithing_table":1,"minecraft:oak_boat":1,"minecraft:coarse_dirt":7,"minecraft:bone_meal":30,"minecraft:experience_bottle":2,"minecraft:oak_fence":13,"doppelgangermod:fake_diamond_ore":2,"minecraft:armor_stand":2,"minecraft:spruce_planks":6,"farmersdelight:rich_soil":1,"minecraft:oak_door":3,"minecraft:torch":62,"minecraft:dirt":325,"minecraft:anvil":1,"minecraft:spruce_stairs":8,"minecraft:chainmail_chestplate":1,"minecraft:spruce_fence":1,"minecraft:oak_fence_gate":1,"minecraft:wooden_axe":51,"minecraft:iron_axe":851,"minecraft:oak_stairs":15,"minecraft:cobbled_deepslate":14,"minecraft:beetroot_soup":1,"minecraft:cooked_mutton":5,"minecraft:water_bucket":6,"minecraft:cobblestone_stairs":2,"minecraft:baked_potato":1,"minecraft:oak_slab":129,"minecraft:crafting_table":9,"minecraft:white_bed":4,"minecraft:smoker":2,"minecraft:oak_log":9,"minecraft:flower_pot":1,"minecraft:diamond_pickaxe":8,"minecraft:iron_pickaxe":495,"minecraft:spruce_trapdoor":3,"minecraft:spruce_sapling":39,"minecraft:cobblestone":4,"travelersbackpack:standard":1,"minecraft:bucket":7,"minecraft:glass_pane":1,"minecraft:purple_carpet":1,"epicfight:uchigatana":279,"minecraft:chainmail_leggings":1},"minecraft:killed":{"doppelgangermod:doppelganger_4":4,"minecraft:spider":4,"doppelgangermod:doppelganger_5":4,"minecraft:skeleton":8,"doppelgangermod:doppelganger_8":3,"minecraft:chicken":1,"minecraft:pig":5,"minecraft:creeper":2,"doppelgangermod:doppelganger_19":2,"minecraft:zombie":20,"cave_dweller:cave_dweller":1,"doppelgangermod:doppelganger_6":2,"minecraft:cow":9,"doppelgangermod:doppelganger_12":14,"doppelgangermod:doppelganger_14":1,"doppelgangermod:doppelganger_18":9,"minecraft:enderman":2}},"DataVersion":3465}