{"stats":{"minecraft:crafted":{"minecraft:smooth_stone":5,"minecraft:oak_planks":312,"travelersbackpack:crafting_upgrade":1,"minecraft:leather_boots":1,"minecraft:cooked_chicken":20,"minecraft:furnace":1,"minecraft:blast_furnace":1,"minecraft:stone":8,"minecraft:bone_meal":105,"travelersbackpack:diamond":1,"travelersbackpack:blank_upgrade":4,"travelersbackpack:gold_tier_upgrade":1,"minecraft:cooked_mutton":22,"minecraft:glass":32,"vanillaplustools:iron_hammer":4,"travelersbackpack:white_sleeping_bag":1,"minecraft:iron_boots":1,"minecraft:iron_axe":2,"minecraft:chest":11,"minecraft:oak_fence":18,"travelersbackpack:diamond_tier_upgrade":1,"minecraft:smoker":1,"minecraft:cooked_beef":61,"minecraft:cooked_cod":3,"travelersbackpack:iron_tier_upgrade":1,"minecraft:cooked_porkchop":35,"minecraft:crafting_table":2,"travelersbackpack:standard":5,"travelersbackpack:backpack_tank":4,"minecraft:baked_potato":9,"minecraft:iron_helmet":1,"minecraft:smithing_table":1,"minecraft:cooked_salmon":3,"minecraft:copper_ingot":41,"minecraft:air":0,"farmersdelight:fried_egg":3,"minecraft:iron_chestplate":1,"minecraft:golden_apple":6,"minecraft:diamond_pickaxe":1,"minecraft:stick":148,"minecraft:iron_ingot":229,"minecraft:iron_pickaxe":34,"minecraft:oak_stairs":12,"minecraft:wooden_axe":1,"minecraft:iron_block":3,"minecraft:gold_ingot":76,"minecraft:iron_shovel":2,"minecraft:iron_leggings":1,"minecraft:deepslate_tile_stairs":13,"minecraft:stonecutter":1,"minecraft:anvil":1,"wom:iron_staff":3,"minecraft:torch":124,"minecraft:shears":1},"minecraft:picked_up":{"minecraft:crafting_table":1,"minecraft:wheat":7,"minecraft:allium":1,"minecraft:chicken":20,"minecraft:lead":2,"minecraft:oak_stairs":6,"minecraft:gold_block":1,"gravestone:obituary":1,"minecraft:string":5,"minecraft:oak_trapdoor":1,"minecraft:raw_copper":134,"create:limestone":155,"minecraft:smooth_stone_slab":3,"minecraft:oak_sign":4,"minecraft:deepslate_tiles":4,"minecraft:cobbled_deepslate":3824,"minecraft:beef":59,"doppelgangermod:false_soundtrack":56,"minecraft:calcite":68,"minecraft:poppy":1,"minecraft:iron_pickaxe":2,"minecraft:light_gray_wool":2,"minecraft:sugar_cane":6,"minecraft:furnace":2,"minecraft:egg":4,"minecraft:stick":16,"minecraft:raw_iron":343,"minecraft:oak_fence":3,"minecraft:torch":54,"epicfight:skillbook":2,"minecraft:porkchop":35,"minecraft:stone_button":2,"minecraft:diorite":277,"minecraft:carrot":8,"minecraft:redstone":109,"minecraft:deepslate_tile_stairs":5,"minecraft:stone_pressure_plate":1,"minecraft:brown_carpet":1,"minecraft:stone_sword":1,"minecraft:arrow":18,"minecraft:rotten_flesh":352,"minecraft:hay_block":11,"create:asurine":108,"minecraft:glow_berries":12,"minecraft:mutton":33,"minecraft:rail":5,"minecraft:skeleton_skull":2,"minecraft:white_wool":20,"minecraft:cobblestone":3148,"epicfight:stone_spear":1,"minecraft:feather":16,"minecraft:andesite":80,"minecraft:leather":39,"minecraft:flint":37,"minecraft:tuff":349,"create:raw_zinc":123,"minecraft:oak_log":85,"jeg:scrap":100,"minecraft:gunpowder":7,"minecraft:cobblestone_stairs":2,"minecraft:lapis_lazuli":136,"minecraft:dirt":158,"jeg:grenade":3,"minecraft:bone":228,"minecraft:apple":4,"minecraft:bow":2,"minecraft:wheat_seeds":25,"minecraft:raw_gold":67,"minecraft:iron_ingot":311,"minecraft:iron_sword":2,"minecraft:oak_planks":18,"jeg:tech_trash":10,"minecraft:scaffolding":1,"minecraft:cooked_porkchop":1,"wom:iron_staff":1,"minecraft:red_wool":2,"minecraft:gravel":295,"minecraft:sand":34,"minecraft:spruce_sapling":6,"minecraft:white_bed":8,"minecraft:spruce_log":105,"minecraft:spider_eye":3,"minecraft:diamond":80,"waystones:waystone":2,"minecraft:granite":29,"minecraft:bone_meal":40,"minecraft:emerald":7,"minecraft:oak_sapling":14,"minecraft:coal":299},"minecraft:killed":{"doppelgangermod:doppelganger_23":1,"doppelgangermod:doppelganger_11":4,"doppelgangermod:doppelganger_24":2,"doppelgangermod:doppelganger_4":5,"minecraft:spider":6,"doppelgangermod:doppelganger_5":5,"doppelgangermod:doppelganger_14":1,"doppelgangermod:doppelganger_12":10,"doppelgangermod:doppelganger_18":1,"minecraft:skeleton":17,"doppelgangermod:doppelganger_8":2,"minecraft:chicken":16,"minecraft:silverfish":8,"doppelgangermod:doppelganger_13":4,"minecraft:pig":16,"minecraft:creeper":7,"minecraft:sheep":22,"minecraft:trader_llama":2,"minecraft:zombie":11,"cave_dweller:cave_dweller":2,"doppelgangermod:doppelganger_6":2,"midnightlurker:midnight_lurker_backturned":2,"minecraft:cow":31},"minecraft:used":{"minecraft:iron_shovel":367,"minecraft:chest":9,"minecraft:iron_sword":134,"minecraft:cooked_salmon":3,"travelersbackpack:diamond":1,"minecraft:cooked_chicken":4,"minecraft:torch":180,"minecraft:dirt":77,"minecraft:anvil":1,"minecraft:allium":1,"minecraft:carrot":13,"minecraft:acacia_sapling":3,"minecraft:obsidian":1,"minecraft:wooden_axe":67,"minecraft:iron_axe":350,"minecraft:oak_stairs":14,"wom:iron_staff":1277,"minecraft:cooked_cod":3,"minecraft:oak_sapling":13,"minecraft:furnace":1,"minecraft:deepslate_tile_stairs":197,"minecraft:cooked_beef":25,"minecraft:cobbled_deepslate":109,"farmersdelight:fried_egg":3,"minecraft:calcite":1,"minecraft:cooked_mutton":22,"epicfight:skillbook":2,"minecraft:baked_potato":9,"minecraft:oak_planks":16,"minecraft:stonecutter":1,"minecraft:golden_apple":2,"minecraft:white_wool":4,"minecraft:glow_berries":17,"minecraft:crafting_table":2,"minecraft:blast_furnace":1,"minecraft:white_bed":7,"minecraft:smoker":1,"minecraft:deepslate_tiles":48,"minecraft:oak_log":3,"waystones:waystone":2,"minecraft:apple":2,"minecraft:iron_pickaxe":659,"minecraft:stone_button":2,"minecraft:bread":44,"minecraft:string":2,"minecraft:spruce_sapling":4,"travelersbackpack:standard":15,"minecraft:cobblestone":262,"vanillaplustools:iron_hammer":1003,"minecraft:cooked_porkchop":19,"minecraft:smithing_table":1,"minecraft:bucket":3,"minecraft:bone_meal":9,"create:limestone":2,"minecraft:oak_fence":24},"minecraft:broken":{"wom:iron_staff":1,"minecraft:iron_shovel":1,"vanillaplustools:iron_hammer":4,"minecraft:iron_axe":1,"minecraft:iron_sword":1,"minecraft:iron_helmet":1},"minecraft:mined":{"minecraft:infested_deepslate":2,"create:zinc_ore":12,"minecraft:deepslate_tiles":4,"create:deepslate_zinc_ore":113,"minecraft:tuff":350,"minecraft:white_bed":8,"minecraft:oak_sapling":1,"minecraft:deepslate_diamond_ore":22,"minecraft:sculk_vein":1,"minecraft:cobblestone_stairs":2,"minecraft:granite":27,"gravestone:gravestone":4,"minecraft:grass_block":57,"minecraft:deepslate_tile_stairs":5,"minecraft:oak_wall_sign":1,"minecraft:hay_block":11,"minecraft:redstone_ore":3,"minecraft:carrots":2,"minecraft:sculk_catalyst":1,"minecraft:furnace":2,"minecraft:iron_ore":261,"minecraft:cobbled_deepslate":3,"minecraft:andesite":81,"minecraft:deepslate_lapis_ore":15,"minecraft:gold_block":1,"create:asurine":109,"minecraft:deepslate_iron_ore":57,"minecraft:dirt_path":1,"minecraft:oak_stairs":6,"minecraft:packed_ice":7,"minecraft:stone":3162,"create:limestone":143,"minecraft:podzol":1,"minecraft:deepslate_redstone_ore":21,"minecraft:scaffolding":1,"jeg:scrap_ore":39,"minecraft:red_wool":2,"minecraft:powder_snow":77,"minecraft:oak_fence":3,"minecraft:crafting_table":1,"minecraft:torch":29,"doppelgangermod:stomachblock":203,"minecraft:emerald_ore":7,"minecraft:poppy":1,"minecraft:calcite":67,"minecraft:sculk_sensor":10,"minecraft:copper_ore":24,"minecraft:tall_grass":7,"minecraft:cobblestone":11,"minecraft:deepslate_gold_ore":48,"minecraft:lapis_ore":6,"minecraft:oak_planks":16,"minecraft:sugar_cane":2,"minecraft:wall_torch":26,"minecraft:diorite":279,"minecraft:deepslate_copper_ore":14,"jeg:deepslate_scrap_ore":9,"minecraft:spruce_log":50,"minecraft:smooth_stone_slab":2,"minecraft:grass":17,"minecraft:oak_log":82,"minecraft:coal_ore":240,"minecraft:gravel":329,"minecraft:dirt":86,"minecraft:sand":36,"minecraft:cobweb":1,"minecraft:gold_ore":19,"minecraft:oak_leaves":1,"minecraft:deepslate":3856,"minecraft:infested_stone":4},"minecraft:custom":{"lootr:looted_stat":24,"minecraft:interact_with_anvil":6,"minecraft:mob_kills":177,"minecraft:interact_with_crafting_table":107,"minecraft:open_barrel":1,"minecraft:leave_game":10,"minecraft:time_since_death":87213,"minecraft:climb_one_cm":7157,"minecraft:sprint_one_cm":2515894,"minecraft:walk_one_cm":4702617,"minecraft:drop":19,"minecraft:damage_dealt_absorbed":218,"minecraft:play_time":598822,"minecraft:sneak_time":2770,"minecraft:deaths":4,"minecraft:walk_under_water_one_cm":11686,"minecraft:jump":8762,"minecraft:interact_with_blast_furnace":54,"minecraft:walk_on_water_one_cm":52431,"minecraft:total_world_time":598822,"minecraft:interact_with_furnace":33,"minecraft:pot_flower":2,"minecraft:interact_with_stonecutter":3,"minecraft:sleep_in_bed":33,"minecraft:waystone_activated":7,"minecraft:time_since_rest":40668,"minecraft:damage_taken":6431,"minecraft:damage_absorbed":80,"minecraft:damage_dealt":26205,"minecraft:swim_one_cm":33812,"minecraft:fly_one_cm":2212536,"minecraft:open_chest":149,"minecraft:crouch_one_cm":8754,"minecraft:interact_with_smoker":44,"minecraft:fall_one_cm":185371,"minecraft:interact_with_smithing_table":13},"minecraft:dropped":{"minecraft:iron_ingot":5,"minecraft:iron_sword":2,"minecraft:cooked_porkchop":1,"minecraft:bone_meal":30,"minecraft:spruce_sapling":2,"minecraft:oak_trapdoor":1,"minecraft:raw_iron":50,"minecraft:rotten_flesh":2,"minecraft:oak_planks":71,"wom:iron_staff":1,"minecraft:spruce_log":49}},"DataVersion":3465}