{"stats":{"minecraft:crafted":{"minecraft:wooden_sword":1,"minecraft:oak_planks":80,"minecraft:crafting_table":1,"minecraft:wooden_pickaxe":1,"minecraft:stick":8},"minecraft:used":{"epicfight:skillbook":8,"minecraft:wooden_pickaxe":9,"minecraft:crafting_table":1,"minecraft:stripped_spruce_log":1,"minecraft:oak_log":3,"minecraft:bread":11,"minecraft:melon_slice":52,"minecraft:wooden_sword":6,"minecraft:egg":4,"epicfight:uchigatana":85,"minecraft:beetroot_soup":1},"minecraft:custom":{"lootr:looted_stat":11,"minecraft:interact_with_furnace":2,"minecraft:mob_kills":31,"minecraft:interact_with_crafting_table":1,"minecraft:raid_trigger":1,"minecraft:leave_game":2,"minecraft:time_since_death":85561,"minecraft:sleep_in_bed":3,"minecraft:climb_one_cm":5080,"minecraft:time_since_rest":19836,"minecraft:sprint_one_cm":427494,"minecraft:damage_taken":1113,"minecraft:walk_one_cm":835793,"minecraft:drop":6,"minecraft:damage_dealt":4637,"minecraft:damage_dealt_absorbed":126,"minecraft:swim_one_cm":10767,"minecraft:fly_one_cm":384720,"minecraft:raid_win":1,"minecraft:open_chest":2,"minecraft:crouch_one_cm":551,"minecraft:play_time":96277,"minecraft:deaths":1,"minecraft:sneak_time":126,"minecraft:walk_under_water_one_cm":544,"minecraft:jump":1230,"minecraft:walk_on_water_one_cm":444,"minecraft:total_world_time":96277,"minecraft:fall_one_cm":49000,"minecraft:inspect_dispenser":3,"minecraft:horse_one_cm":264700},"minecraft:mined":{"minecraft:mossy_cobblestone":4,"minecraft:jungle_leaves":1,"minecraft:crafting_table":1,"gravestone:gravestone":1,"minecraft:melon":11,"minecraft:cobblestone":5,"minecraft:sugar_cane":1,"minecraft:stripped_spruce_log":1,"minecraft:azure_bluet":1,"minecraft:grass":10,"minecraft:oak_log":25,"minecraft:vine":2,"minecraft:bamboo":3,"minecraft:tripwire":5,"minecraft:oak_leaves":27,"minecraft:fern":2},"minecraft:killed":{"minecraft:pig":1,"doppelgangermod:doppelganger_4":1,"minecraft:spider":1,"minecraft:vindicator":1,"minecraft:creeper":1,"minecraft:skeleton":5,"minecraft:pillager":4,"doppelgangermod:doppelganger_8":2,"minecraft:zombie":4,"minecraft:chicken":8,"doppelgangermod:doppelganger_6":2,"minecraft:enderman":1},"minecraft:dropped":{"epicfight:uchigatana":1,"minecraft:bowl":1,"minecraft:feather":10,"minecraft:oak_planks":64,"minecraft:string":5},"minecraft:picked_up":{"minecraft:crafting_table":1,"minecraft:feather":25,"minecraft:chicken":8,"minecraft:tripwire_hook":1,"minecraft:oak_log":23,"minecraft:gunpowder":1,"minecraft:string":5,"minecraft:white_banner":2,"minecraft:bone":7,"minecraft:bamboo":25,"minecraft:melon_slice":57,"minecraft:sugar_cane":2,"minecraft:oak_planks":64,"minecraft:egg":4,"epicfight:skillbook":1,"minecraft:porkchop":1,"minecraft:stripped_spruce_log":1,"epicfight:uchigatana":1,"minecraft:mossy_cobblestone":4,"minecraft:rotten_flesh":3,"minecraft:arrow":6,"minecraft:emerald":1,"minecraft:coal":1,"minecraft:oak_sapling":3,"minecraft:skeleton_skull":2,"minecraft:cobblestone":7}},"DataVersion":3465}