{"stats":{"minecraft:custom":{"lootr:looted_stat":11,"minecraft:interact_with_furnace":2,"minecraft:mob_kills":19,"minecraft:interact_with_crafting_table":1,"minecraft:raid_trigger":1,"minecraft:leave_game":2,"minecraft:time_since_death":72026,"minecraft:sleep_in_bed":3,"minecraft:climb_one_cm":5080,"minecraft:time_since_rest":6301,"minecraft:sprint_one_cm":352986,"minecraft:damage_taken":752,"minecraft:walk_one_cm":633249,"minecraft:drop":6,"minecraft:damage_dealt":2423,"minecraft:swim_one_cm":10767,"minecraft:fly_one_cm":331990,"minecraft:raid_win":1,"minecraft:open_chest":1,"minecraft:crouch_one_cm":551,"minecraft:play_time":82742,"minecraft:deaths":1,"minecraft:sneak_time":126,"minecraft:walk_under_water_one_cm":544,"minecraft:jump":1019,"minecraft:walk_on_water_one_cm":343,"minecraft:total_world_time":82742,"minecraft:inspect_dispenser":3,"minecraft:fall_one_cm":29340,"minecraft:horse_one_cm":264700},"minecraft:dropped":{"epicfight:uchigatana":1,"minecraft:bowl":1,"minecraft:feather":10,"minecraft:oak_planks":64,"minecraft:string":5},"minecraft:crafted":{"minecraft:wooden_sword":1,"minecraft:oak_planks":80,"minecraft:crafting_table":1,"minecraft:wooden_pickaxe":1,"minecraft:stick":8},"minecraft:picked_up":{"minecraft:crafting_table":1,"minecraft:feather":25,"minecraft:chicken":8,"minecraft:tripwire_hook":1,"minecraft:oak_log":23,"minecraft:gunpowder":1,"minecraft:string":5,"minecraft:white_banner":2,"minecraft:bone":1,"minecraft:bamboo":25,"minecraft:melon_slice":57,"minecraft:sugar_cane":2,"minecraft:oak_planks":64,"minecraft:egg":4,"epicfight:skillbook":1,"minecraft:porkchop":1,"epicfight:uchigatana":1,"minecraft:mossy_cobblestone":4,"minecraft:arrow":1,"minecraft:emerald":1,"minecraft:oak_sapling":3,"minecraft:skeleton_skull":1,"minecraft:cobblestone":7},"minecraft:mined":{"minecraft:mossy_cobblestone":4,"minecraft:jungle_leaves":1,"minecraft:crafting_table":1,"gravestone:gravestone":1,"minecraft:melon":11,"minecraft:cobblestone":5,"minecraft:sugar_cane":1,"minecraft:azure_bluet":1,"minecraft:grass":10,"minecraft:oak_log":25,"minecraft:vine":2,"minecraft:bamboo":3,"minecraft:fern":2,"minecraft:oak_leaves":27,"minecraft:tripwire":5},"minecraft:killed":{"minecraft:pig":1,"doppelgangermod:doppelganger_4":1,"minecraft:vindicator":1,"minecraft:creeper":1,"minecraft:pillager":4,"doppelgangermod:doppelganger_8":1,"minecraft:chicken":8,"doppelgangermod:doppelganger_6":1,"minecraft:enderman":1},"minecraft:used":{"epicfight:skillbook":8,"minecraft:wooden_pickaxe":9,"minecraft:crafting_table":1,"minecraft:oak_log":3,"minecraft:melon_slice":34,"minecraft:bread":8,"minecraft:wooden_sword":6,"minecraft:egg":4,"epicfight:uchigatana":51,"minecraft:beetroot_soup":1}},"DataVersion":3465}